ticket id,title,title clean,description,description clean,category,component,issue_type,severity,status,resolution,resolution clean,error_codes,quality_score,embedding_text,source,unified_id,import_id,external_record_id,external_source,language,tags,requester,requester_name,project_name,project_slug,created_at,updated_at,comments
MIX-001,Payment gateway timeout on checkout,Payment gateway timeout on checkout,Checkout requests to the payment gateway are timing out intermittently under peak load. Users see a spinner and eventually a 504 error.,Checkout requests to the payment gateway are timing out intermittently under peak load. Users see a spinner and eventually a 504 error.,Bug,Payments,api,Critical,Open,,,TIMEOUT;504;GATEWAY,0.96,Payment gateway timeout 504 under peak load on checkout.,demo,MIX-001,mixed-demo-2026,MIX-001,demo-seed,en,"payment,timeout,api,critical",ops.lead@example.com,Jordan Lee,Platform Stability,platform-stability,2026-04-20T09:00:00+00:00,2026-05-01T11:00:00+00:00,"[{""author_email"":""jordan.lee@example.com"",""author_name"":""Jordan Lee"",""author_role"":""agent"",""created_at"":""2026-04-21T10:00:00+00:00"",""content"":""Gateway connection pool is saturated at peak. Increasing pool size and adding a circuit breaker to prevent cascade failures.""}]"
MIX-002,Session token not refreshed on re-login,Session token not refreshed on re-login,After a user logs out and immediately logs back in the session token from the previous session is still active for up to 60 seconds.,After a user logs out and immediately logs back in the session token from the previous session is still active for up to 60 seconds.,Bug,Auth,security,High,In Progress,,,SESSION;TOKEN;STALE,0.94,Stale session token persists after logout and re-login for up to 60 seconds.,demo,MIX-002,mixed-demo-2026,MIX-002,demo-seed,en,"auth,session,security,bug",security.eng@example.com,Priya Nair,Platform Stability,platform-stability,2026-04-22T10:30:00+00:00,2026-05-02T09:00:00+00:00,"[{""author_email"":""priya.nair@example.com"",""author_name"":""Priya Nair"",""author_role"":""agent"",""created_at"":""2026-04-23T08:00:00+00:00"",""content"":""Token invalidation is async; grace period is 60 s. Need synchronous revocation on logout.""}]"
MIX-003,Notification emails sent twice on ticket update,Notification emails sent twice on ticket update,Every time a ticket is updated two identical notification emails are sent to the requester. Issue started after the webhook refactor last sprint.,Every time a ticket is updated two identical notification emails are sent to the requester. Issue started after the webhook refactor last sprint.,Bug,Notifications,backend,Medium,Triaged,,,EMAIL;DUPLICATE;WEBHOOK,0.91,Duplicate notification emails on ticket update after webhook refactor.,demo,MIX-003,mixed-demo-2026,MIX-003,demo-seed,en,"email,duplicate,notifications,bug",support.agent@example.com,Marcus Chen,Platform Stability,platform-stability,2026-04-25T14:00:00+00:00,2026-05-03T13:00:00+00:00,"[{""author_email"":""marcus.chen@example.com"",""author_name"":""Marcus Chen"",""author_role"":""agent"",""created_at"":""2026-04-26T09:00:00+00:00"",""content"":""Webhook listener registered twice after refactor. Deduplication needed at the event dispatcher level.""}]"
MIX-004,Dark mode toggle reverts on page refresh,Dark mode toggle reverts on page refresh,User preference for dark mode is not persisted to localStorage. Every page refresh resets the theme to light mode.,User preference for dark mode is not persisted to localStorage. Every page refresh resets the theme to light mode.,Bug,UI,frontend,Medium,Resolved,Persisted theme preference to localStorage on toggle.,Persisted theme preference to localStorage on toggle.,DARKMODE;LOCALSTORAGE,0.88,Dark mode preference lost on page refresh due to missing localStorage persistence.,demo,MIX-004,mixed-demo-2026,MIX-004,demo-seed,en,"ui,dark-mode,settings,bug",ux.qa@example.com,Sofia Patel,Platform Stability,platform-stability,2026-04-18T11:00:00+00:00,2026-04-30T16:00:00+00:00,"[{""author_email"":""sofia.patel@example.com"",""author_name"":""Sofia Patel"",""author_role"":""agent"",""created_at"":""2026-04-19T10:00:00+00:00"",""content"":""Fixed: theme key now written to localStorage on toggle. Verified across Chrome, Firefox, Safari.""}]"
MIX-005,Search results missing recently created records,Search results missing recently created records,Records created in the last 5 minutes do not appear in search results. The search index has a lag that is not communicated to users.,Records created in the last 5 minutes do not appear in search results. The search index has a lag that is not communicated to users.,Bug,Search,indexing,High,Open,,,SEARCH;INDEX;LAG,0.93,Search index lag causes recently created records to be missing from results for up to 5 minutes.,demo,MIX-005,mixed-demo-2026,MIX-005,demo-seed,en,"search,index,lag,bug",data.eng@example.com,Avery Brooks,Platform Stability,platform-stability,2026-04-28T08:00:00+00:00,2026-05-04T10:00:00+00:00,"[{""author_email"":""avery.brooks@example.com"",""author_name"":""Avery Brooks"",""author_role"":""agent"",""created_at"":""2026-04-29T09:00:00+00:00"",""content"":""Index refresh interval is 5 min. Options: reduce interval, add a write-through cache, or show a staleness banner to users.""}]"
MIX-006,Add bulk ticket status update from list view,Add bulk ticket status update from list view,Agents need to select multiple tickets from the list view and change their status in a single action instead of updating one at a time.,Agents need to select multiple tickets from the list view and change their status in a single action instead of updating one at a time.,Feature,Ticket Management,product,High,Open,,,BULK;STATUS;UX,0.92,Bulk ticket status update from list view to improve agent productivity.,demo,MIX-006,mixed-demo-2026,MIX-006,demo-seed,en,"feature,bulk,tickets,ux",product.manager@example.com,Nia Okafor,Agent Productivity,agent-productivity,2026-04-15T13:00:00+00:00,2026-04-30T12:00:00+00:00,"[{""author_email"":""nia.okafor@example.com"",""author_name"":""Nia Okafor"",""author_role"":""agent"",""created_at"":""2026-04-16T11:00:00+00:00"",""content"":""Proposal: checkbox column in list view, sticky action bar appears when items selected. Needs BE batch endpoint.""}]"
MIX-007,SSO integration with Okta required for enterprise,SSO integration with Okta required for enterprise,Enterprise customers require SAML 2.0 SSO via Okta before signing contracts. Blocking three deals currently in procurement.,Enterprise customers require SAML 2.0 SSO via Okta before signing contracts. Blocking three deals currently in procurement.,Feature,Auth,enterprise,Critical,Triaged,,,SSO;OKTA;SAML;ENTERPRISE,0.97,SSO SAML 2.0 Okta integration blocking enterprise deals in procurement.,demo,MIX-007,mixed-demo-2026,MIX-007,demo-seed,en,"sso,okta,saml,enterprise,feature",sales.eng@example.com,Eli Ross,Enterprise Readiness,enterprise-readiness,2026-04-10T09:00:00+00:00,2026-05-01T08:00:00+00:00,"[{""author_email"":""eli.ross@example.com"",""author_name"":""Eli Ross"",""author_role"":""agent"",""created_at"":""2026-04-12T10:00:00+00:00"",""content"":""Three enterprise deals blocked. Okta SAML 2.0 metadata exchange scoped. Estimate: 3 sprints including QA.""}]"
MIX-008,Export ticket history to PDF,Export ticket history to PDF,Support managers need to export a full ticket thread including comments and status changes to PDF for compliance audits.,Support managers need to export a full ticket thread including comments and status changes to PDF for compliance audits.,Feature,Reporting,product,Medium,In Progress,,,PDF;EXPORT;COMPLIANCE,0.89,PDF export of full ticket history including comments for compliance audit use cases.,demo,MIX-008,mixed-demo-2026,MIX-008,demo-seed,en,"feature,pdf,export,compliance",compliance.mgr@example.com,Maya Ibrahim,Agent Productivity,agent-productivity,2026-04-22T15:00:00+00:00,2026-05-02T14:00:00+00:00,"[{""author_email"":""maya.ibrahim@example.com"",""author_name"":""Maya Ibrahim"",""author_role"":""agent"",""created_at"":""2026-04-24T09:00:00+00:00"",""content"":""Using weasyprint for server-side PDF generation. Thread, comments, and audit trail included in template.""}]"
MIX-009,Add webhook support for ticket state changes,Add webhook support for ticket state changes,Integrators need outbound webhooks when ticket status changes so downstream systems can react without polling.,Integrators need outbound webhooks when ticket status changes so downstream systems can react without polling.,Feature,Integrations,api,Medium,Open,,,WEBHOOK;API;INTEGRATION,0.90,Outbound webhook support for ticket state change events to enable downstream integrations.,demo,MIX-009,mixed-demo-2026,MIX-009,demo-seed,en,"feature,webhook,api,integration",platform.eng@example.com,Sam Kim,Enterprise Readiness,enterprise-readiness,2026-04-26T10:00:00+00:00,2026-05-03T09:00:00+00:00,"[{""author_email"":""sam.kim@example.com"",""author_name"":""Sam Kim"",""author_role"":""agent"",""created_at"":""2026-04-27T08:00:00+00:00"",""content"":""HMAC-signed webhook with retry queue. Events: ticket.created, ticket.updated, ticket.resolved.""}]"
MIX-010,Sidebar collapses on window resize below 1280px,Sidebar collapses on window resize below 1280px,The main navigation sidebar auto-collapses when the browser window is resized below 1280 px breaking the layout for 1080p monitors split-screened.,The main navigation sidebar auto-collapses when the browser window is resized below 1280 px breaking the layout for 1080p monitors split-screened.,UI,Navigation,frontend,Critical,Open,,,SIDEBAR;RESPONSIVE;LAYOUT,0.93,Sidebar collapses below 1280px viewport width breaking layout on split-screen 1080p monitors.,demo,MIX-010,mixed-demo-2026,MIX-010,demo-seed,en,"ui,sidebar,responsive,layout",ux.lead@example.com,Jordan Lee,Agent Productivity,agent-productivity,2026-04-29T11:00:00+00:00,2026-05-04T13:00:00+00:00,"[{""author_email"":""jordan.lee@example.com"",""author_name"":""Jordan Lee"",""author_role"":""agent"",""created_at"":""2026-04-30T10:00:00+00:00"",""content"":""Breakpoint is hard-coded at 1280 px. Need to make it configurable or raise threshold to 1024 px.""}]"
MIX-011,Chart tooltips overflow off-screen on mobile,Chart tooltips overflow off-screen on mobile,Analytics chart tooltips render outside the viewport on screens narrower than 768 px making data unreadable on mobile devices.,Analytics chart tooltips render outside the viewport on screens narrower than 768 px making data unreadable on mobile devices.,UI,Analytics,frontend,High,In Progress,,,TOOLTIP;MOBILE;OVERFLOW,0.90,Chart tooltip overflow on mobile screens narrower than 768px.,demo,MIX-011,mixed-demo-2026,MIX-011,demo-seed,en,"ui,chart,tooltip,mobile",mobile.qa@example.com,Priya Nair,Agent Productivity,agent-productivity,2026-04-27T14:00:00+00:00,2026-05-03T15:00:00+00:00,"[{""author_email"":""priya.nair@example.com"",""author_name"":""Priya Nair"",""author_role"":""agent"",""created_at"":""2026-04-28T09:00:00+00:00"",""content"":""Recharts tooltip position can be constrained with a custom content renderer. Implementing bounded tooltip.""}]"
MIX-012,Table row height inconsistent between browsers,Table row height inconsistent between browsers,The ticket list table renders with different row heights in Firefox vs Chrome due to inconsistent line-height inheritance on td elements.,The ticket list table renders with different row heights in Firefox vs Chrome due to inconsistent line-height inheritance on td elements.,UI,Tables,frontend,Medium,Triaged,,,TABLE;CROSS-BROWSER;CSS,0.86,Inconsistent table row height across Firefox and Chrome due to td line-height inheritance.,demo,MIX-012,mixed-demo-2026,MIX-012,demo-seed,en,"ui,table,cross-browser,css",frontend.qa@example.com,Marcus Chen,Agent Productivity,agent-productivity,2026-04-24T09:00:00+00:00,2026-05-01T10:00:00+00:00,"[{""author_email"":""marcus.chen@example.com"",""author_name"":""Marcus Chen"",""author_role"":""agent"",""created_at"":""2026-04-25T08:00:00+00:00"",""content"":""Adding explicit line-height and min-height to td in the global table reset should normalize across browsers.""}]"
MIX-013,Button states missing focus ring for accessibility,Button states missing focus ring for accessibility,Primary action buttons across the app do not show a visible focus ring when navigated via keyboard failing WCAG 2.1 AA focus-visible criterion.,Primary action buttons across the app do not show a visible focus ring when navigated via keyboard failing WCAG 2.1 AA focus-visible criterion.,UI,Accessibility,frontend,High,Resolved,Applied focus-visible outline to all primary button variants.,Applied focus-visible outline to all primary button variants.,A11Y;FOCUS;WCAG,0.95,Missing focus ring on primary buttons fails WCAG 2.1 AA keyboard navigation requirement.,demo,MIX-013,mixed-demo-2026,MIX-013,demo-seed,en,"ui,a11y,accessibility,focus,wcag",a11y.eng@example.com,Sofia Patel,Agent Productivity,agent-productivity,2026-04-17T10:00:00+00:00,2026-04-28T14:00:00+00:00,"[{""author_email"":""sofia.patel@example.com"",""author_name"":""Sofia Patel"",""author_role"":""agent"",""created_at"":""2026-04-18T09:00:00+00:00"",""content"":""Fixed: :focus-visible pseudo-class applied globally. Verified with keyboard navigation and axe-core scan.""}]"
MIX-014,Prod DB connection pool exhausted under peak load,Prod DB connection pool exhausted under peak load,The production PostgreSQL connection pool hits its limit of 100 connections during business hours causing request queuing and p99 latency spikes.,The production PostgreSQL connection pool hits its limit of 100 connections during business hours causing request queuing and p99 latency spikes.,Infra,Database,infra,Critical,Open,,,DBPOOL;POSTGRES;LATENCY,0.98,Prod PostgreSQL connection pool exhausted at peak causing p99 latency spikes and request queuing.,demo,MIX-014,mixed-demo-2026,MIX-014,demo-seed,en,"infra,database,pool,performance,critical",sre.lead@example.com,Avery Brooks,Platform Stability,platform-stability,2026-04-30T07:00:00+00:00,2026-05-05T08:00:00+00:00,"[{""author_email"":""avery.brooks@example.com"",""author_name"":""Avery Brooks"",""author_role"":""agent"",""created_at"":""2026-05-01T08:00:00+00:00"",""content"":""PgBouncer in transaction mode is the fastest mitigation. Pool limit increase requires DBA sign-off.""}]"
MIX-015,CI pipeline fails intermittently on test step,CI pipeline fails intermittently on test step,GitHub Actions CI fails on the integration test step roughly 20 percent of the time with no deterministic error. Reruns usually pass.,GitHub Actions CI fails on the integration test step roughly 20 percent of the time with no deterministic error. Reruns usually pass.,Infra,CI/CD,devops,High,Triaged,,,CI;FLAKY;GITHUB-ACTIONS,0.91,Flaky CI integration test failures on GitHub Actions approximately 20 percent of runs.,demo,MIX-015,mixed-demo-2026,MIX-015,demo-seed,en,"infra,ci,flaky,github-actions,devops",devops.eng@example.com,Nia Okafor,Platform Stability,platform-stability,2026-04-23T12:00:00+00:00,2026-05-02T11:00:00+00:00,"[{""author_email"":""nia.okafor@example.com"",""author_name"":""Nia Okafor"",""author_role"":""agent"",""created_at"":""2026-04-24T10:00:00+00:00"",""content"":""Race condition in test teardown suspected. Adding explicit wait on async DB cleanup before assertions.""}]"
MIX-016,Log rotation not configured on worker nodes,Log rotation not configured on worker nodes,Background worker nodes have no log rotation configured. Logs grow unbounded and have filled the disk on two nodes this month causing worker crashes.,Background worker nodes have no log rotation configured. Logs grow unbounded and have filled the disk on two nodes this month causing worker crashes.,Infra,Workers,devops,Medium,In Progress,,,LOGS;ROTATION;DISK,0.88,Missing log rotation on worker nodes causing disk fill and worker crashes.,demo,MIX-016,mixed-demo-2026,MIX-016,demo-seed,en,"infra,logs,rotation,disk,devops",devops.ops@example.com,Eli Ross,Platform Stability,platform-stability,2026-04-21T16:00:00+00:00,2026-05-03T10:00:00+00:00,"[{""author_email"":""eli.ross@example.com"",""author_name"":""Eli Ross"",""author_role"":""agent"",""created_at"":""2026-04-22T09:00:00+00:00"",""content"":""Deploying logrotate config via Ansible. Daily rotation with 7-day retention and compress enabled.""}]"
MIX-017,Redis cache eviction caused mass session logout,Redis cache eviction caused mass session logout,An unexpected Redis maxmemory-policy eviction event purged all session keys simultaneously logging out all active users across all tenants.,An unexpected Redis cache maxmemory-policy eviction event purged all session keys simultaneously logging out all active users across all tenants.,Infra,Cache,infra,Critical,Resolved,Separated session store from general cache. Disabled eviction on session Redis instance.,Separated session store from general cache. Disabled eviction on session Redis instance.,REDIS;EVICTION;SESSION;OUTAGE,0.99,Redis LRU eviction purged all session keys causing mass logout across all tenants.,demo,MIX-017,mixed-demo-2026,MIX-017,demo-seed,en,"infra,redis,cache,session,outage,critical",sre.oncall@example.com,Maya Ibrahim,Platform Stability,platform-stability,2026-04-12T03:00:00+00:00,2026-04-14T10:00:00+00:00,"[{""author_email"":""maya.ibrahim@example.com"",""author_name"":""Maya Ibrahim"",""author_role"":""agent"",""created_at"":""2026-04-12T04:00:00+00:00"",""content"":""P0 incident. Session keys and cache share same Redis instance with LRU eviction. Immediate fix: noeviction policy on session instance. Permanent fix: separate Redis instances.""}]"
